3,0,72,Sleeping
4,0,72,Sleeping


3,0,73,Runnable
4,0,73,Runnable


3,0,73,Running 
4,0,73,Runnable
5,0,73,Runnable


3,0,73,Running 
4,0,73,Runnable
5,0,73,Runnable


3,1,74,Runnable
4,0,74,Running 
5,0,74,Runnable
6,0,74,Runnable


3,1,74,Runnable
4,0,74,Running 
5,0,74,Runnable
6,0,74,Runnable


3,1,75,Runnable
4,1,75,Runnable
5,0,75,Runnable
6,0,75,Runnable


3,1,75,Runnable
4,1,75,Runnable
5,0,75,Running 
6,0,75,Runnable


3,1,75,Runnable
4,1,75,Runnable
5,0,75,Running 
6,0,75,Runnable


3,1,76,Runnable
4,1,76,Runnable
5,1,76,Runnable
6,0,76,Running 


3,1,76,Runnable
4,1,76,Runnable
5,1,76,Runnable
6,0,76,Running 


3,1,77,Running 
4,1,77,Runnable
5,1,77,Runnable
6,1,77,Runnable


3,1,77,Running 
4,1,77,Runnable
5,1,77,Runnable
6,1,77,Runnable


3,1,77,Running 
4,1,77,Runnable
5,1,77,Runnable
6,1,77,Runnable


3,1,78,Running 
4,1,78,Runnable
5,1,78,Runnable
6,1,78,Runnable


3,1,78,Running 
4,1,78,Runnable
5,1,78,Runnable
6,1,78,Runnable


3,2,79,Runnable
4,1,79,Running 
5,1,79,Runnable
6,1,79,Runnable


3,2,79,Runnable
4,1,79,Running 
5,1,79,Runnable
6,1,79,Runnable


3,2,79,Runnable
4,1,79,Running 
5,1,79,Runnable
6,1,79,Runnable


3,2,80,Runnable
4,1,80,Running 
5,1,80,Runnable
6,1,80,Runnable


3,2,80,Runnable
4,1,80,Running 
5,1,80,Runnable
6,1,80,Runnable


3,2,81,Runnable
4,2,81,Runnable
5,1,81,Running 
6,1,81,Runnable


3,2,81,Runnable
4,2,81,Runnable
5,1,81,Running 
6,1,81,Runnable


3,2,81,Runnable
4,2,81,Runnable
5,1,81,Running 
6,1,81,Runnable


3,2,82,Runnable
4,2,82,Runnable
5,1,82,Running 
6,1,82,Runnable


3,2,82,Runnable
4,2,82,Runnable
5,1,82,Running 
6,1,82,Runnable


3,2,83,Runnable
4,2,83,Runnable
5,2,83,Runnable
6,1,83,Running 


3,2,83,Runnable
4,2,83,Runnable
5,2,83,Runnable
6,1,83,Running 


3,2,83,Runnable
4,2,83,Runnable
5,2,83,Runnable
6,1,83,Running 


3,2,84,Runnable
4,2,84,Runnable
5,2,84,Runnable
6,1,84,Running 


3,2,84,Runnable
4,2,84,Runnable
5,2,84,Runnable
6,1,84,Running 


3,2,85,Running 
4,2,85,Runnable
5,2,85,Runnable
6,2,85,Runnable


3,2,85,Running 
4,2,85,Runnable
5,2,85,Runnable
6,2,85,Runnable


3,2,85,Running 
4,2,85,Runnable
5,2,85,Runnable
6,2,85,Runnable


3,2,86,Running 
4,2,86,Runnable
5,2,86,Runnable
6,2,86,Runnable


3,2,86,Running 
4,2,86,Runnable
5,2,86,Runnable
6,2,86,Runnable


3,2,87,Running 
4,2,87,Runnable
5,2,87,Runnable
6,2,87,Runnable


3,2,87,Running 
4,2,87,Runnable
5,2,87,Runnable
6,2,87,Runnable


3,2,87,Running 
4,2,87,Runnable
5,2,87,Runnable
6,2,87,Runnable


3,2,88,Running 
4,2,88,Runnable
5,2,88,Runnable
6,2,88,Runnable


3,2,88,Running 
4,2,88,Runnable
5,2,88,Runnable
6,2,88,Runnable


3,3,89,Runnable
4,2,89,Running 
5,2,89,Runnable
6,2,89,Runnable


3,3,89,Runnable
4,2,89,Running 
5,2,89,Runnable
6,2,89,Runnable


3,3,89,Runnable
4,2,89,Running 
5,2,89,Runnable
6,2,89,Runnable


3,3,90,Runnable
4,2,90,Running 
5,2,90,Runnable
6,2,90,Runnable


3,3,90,Runnable
4,2,90,Running 
5,2,90,Runnable
6,2,90,Runnable


3,3,91,Runnable
4,2,91,Running 
5,2,91,Runnable
6,2,91,Runnable


3,3,91,Runnable
4,2,91,Running 
5,2,91,Runnable
6,2,91,Runnable


3,3,91,Runnable
4,2,91,Running 
5,2,91,Runnable
6,2,91,Runnable


3,3,92,Runnable
4,2,92,Running 
5,2,92,Runnable
6,2,92,Runnable


3,3,92,Runnable
4,2,92,Running 
5,2,92,Runnable
6,2,92,Runnable


3,3,93,Runnable
4,3,93,Runnable
5,2,93,Running 
6,2,93,Runnable


3,3,93,Runnable
4,3,93,Runnable
5,2,93,Running 
6,2,93,Runnable


3,3,93,Runnable
4,3,93,Runnable
5,2,93,Running 
6,2,93,Runnable


3,3,94,Runnable
4,3,94,Runnable
5,2,94,Running 
6,2,94,Runnable


3,3,94,Runnable
4,3,94,Runnable
5,2,94,Running 
6,2,94,Runnable


3,3,95,Runnable
4,3,95,Runnable
5,2,95,Running 
6,2,95,Runnable


3,3,95,Runnable
4,3,95,Runnable
5,2,95,Running 
6,2,95,Runnable


3,3,95,Runnable
4,3,95,Runnable
5,2,95,Running 
6,2,95,Runnable


3,3,96,Runnable
4,3,96,Runnable
5,2,96,Running 
6,2,96,Runnable


3,3,96,Runnable
4,3,96,Runnable
5,2,96,Running 
6,2,96,Runnable


3,3,97,Runnable
4,3,97,Runnable
5,3,97,Runnable
6,2,97,Running 


3,3,97,Runnable
4,3,97,Runnable
5,3,97,Runnable
6,2,97,Running 


3,3,97,Runnable
4,3,97,Runnable
5,3,97,Runnable
6,2,97,Running 


3,3,98,Runnable
4,3,98,Runnable
5,3,98,Runnable
6,2,98,Running 


3,3,98,Runnable
4,3,98,Runnable
5,3,98,Runnable
6,2,98,Running 


3,3,99,Runnable
4,3,99,Runnable
5,3,99,Runnable
6,2,99,Running 


3,3,99,Runnable
4,3,99,Runnable
5,3,99,Runnable
6,2,99,Running 


3,3,99,Runnable
4,3,99,Runnable
5,3,99,Runnable
6,2,99,Running 


3,3,100,Runnable
4,3,100,Runnable
5,3,100,Runnable
6,2,100,Running 


3,3,100,Runnable
4,3,100,Runnable
5,3,100,Runnable
6,2,100,Running 


3,3,101,Running 
4,3,101,Runnable
5,3,101,Runnable
6,3,101,Runnable


3,3,101,Running 
4,3,101,Runnable
5,3,101,Runnable
6,3,101,Runnable


3,3,101,Running 
4,3,101,Runnable
5,3,101,Runnable
6,3,101,Runnable


3,3,102,Running 
4,3,102,Runnable
5,3,102,Runnable
6,3,102,Runnable


3,3,102,Running 
4,3,102,Runnable
5,3,102,Runnable
6,3,102,Runnable


3,3,103,Running 
4,3,103,Runnable
5,3,103,Runnable
6,3,103,Runnable


3,3,103,Running 
4,3,103,Runnable
5,3,103,Runnable
6,3,103,Runnable


3,3,103,Running 
4,3,103,Runnable
5,3,103,Runnable
6,3,103,Runnable


3,3,104,Running 
4,3,104,Runnable
5,3,104,Runnable
6,3,104,Runnable


3,3,104,Running 
4,3,104,Runnable
5,3,104,Runnable
6,3,104,Runnable


3,3,105,Running 
4,3,105,Runnable
5,3,105,Runnable
6,3,105,Runnable


3,3,105,Running 
4,3,105,Runnable
5,3,105,Runnable
6,3,105,Runnable


3,3,105,Running 
4,3,105,Runnable
5,3,105,Runnable
6,3,105,Runnable


3,3,106,Running 
4,3,106,Runnable
5,3,106,Runnable
6,3,106,Runnable


3,3,106,Running 
4,3,106,Runnable
5,3,106,Runnable
6,3,106,Runnable


3,3,107,Running 
4,3,107,Runnable
5,3,107,Runnable
6,3,107,Runnable


3,3,107,Running 
4,3,107,Runnable
5,3,107,Runnable
6,3,107,Runnable


3,3,107,Running 
4,3,107,Runnable
5,3,107,Runnable
6,3,107,Runnable


3,3,108,Running 
4,3,108,Runnable
5,3,108,Runnable
6,3,108,Runnable


3,3,108,Running 
4,3,108,Runnable
5,3,108,Runnable
6,3,108,Runnable


3,4,109,Runnable
4,3,109,Running 
5,3,109,Runnable
6,3,109,Runnable


3,4,109,Runnable
4,3,109,Running 
5,3,109,Runnable
6,3,109,Runnable


3,4,110,Runnable
4,3,110,Runnable
5,3,110,Runnable
6,3,110,Runnable


3,4,110,Runnable
4,3,110,Running 
5,3,110,Runnable
6,3,110,Runnable


3,4,110,Runnable
4,3,110,Running 
5,3,110,Runnable
6,3,110,Runnable


3,4,111,Runnable
4,3,111,Running 
5,3,111,Runnable
6,3,111,Runnable


3,4,111,Runnable
4,3,111,Running 
5,3,111,Runnable
6,3,111,Runnable


3,4,112,Runnable
4,3,112,Runnable
5,3,112,Runnable
6,3,112,Runnable


3,4,112,Runnable
4,3,112,Running 
5,3,112,Runnable
6,3,112,Runnable


3,4,112,Runnable
4,3,112,Running 
5,3,112,Runnable
6,3,112,Runnable


3,4,113,Runnable
4,3,113,Running 
5,3,113,Runnable
6,3,113,Runnable


3,4,113,Runnable
4,3,113,Running 
5,3,113,Runnable
6,3,113,Runnable


3,4,114,Runnable
4,3,114,Running 
5,3,114,Runnable
6,3,114,Runnable


3,4,114,Runnable
4,3,114,Running 
5,3,114,Runnable
6,3,114,Runnable


3,4,114,Runnable
4,3,114,Running 
5,3,114,Runnable
6,3,114,Runnable


3,4,115,Runnable
4,3,115,Running 
5,3,115,Runnable
6,3,115,Runnable


3,4,115,Runnable
4,3,115,Running 
5,3,115,Runnable
6,3,115,Runnable


3,4,116,Runnable
4,3,116,Running 
5,3,116,Runnable
6,3,116,Runnable


3,4,116,Runnable
4,3,116,Running 
5,3,116,Runnable
6,3,116,Runnable


3,4,116,Runnable
4,3,116,Running 
5,3,116,Runnable
6,3,116,Runnable


3,4,117,Runnable
4,4,117,Runnable
5,3,117,Running 
6,3,117,Runnable


3,4,117,Runnable
4,4,117,Runnable
5,3,117,Running 
6,3,117,Runnable


3,4,118,Runnable
4,4,118,Runnable
5,3,118,Running 
6,3,118,Runnable


3,4,118,Runnable
4,4,118,Runnable
5,3,118,Running 
6,3,118,Runnable


3,4,118,Runnable
4,4,118,Runnable
5,3,118,Running 
6,3,118,Runnable


3,4,119,Runnable
4,4,119,Runnable
5,3,119,Running 
6,3,119,Runnable


3,4,119,Runnable
4,4,119,Runnable
5,3,119,Running 
6,3,119,Runnable


3,4,120,Runnable
4,4,120,Runnable
5,3,120,Running 
6,3,120,Runnable


3,4,120,Runnable
4,4,120,Runnable
5,3,120,Running 
6,3,120,Runnable


3,4,120,Runnable
4,4,120,Runnable
5,3,120,Running 
6,3,120,Runnable


3,4,121,Runnable
4,4,121,Runnable
5,3,121,Running 
6,3,121,Runnable


3,4,121,Runnable
4,4,121,Runnable
5,3,121,Running 
6,3,121,Runnable


3,4,122,Runnable
4,4,122,Runnable
5,3,122,Running 
6,3,122,Runnable


3,4,122,Runnable
4,4,122,Runnable
5,3,122,Running 
6,3,122,Runnable


3,4,122,Runnable
4,4,122,Runnable
5,3,122,Running 
6,3,122,Runnable


3,4,123,Runnable
4,4,123,Runnable
5,3,123,Running 
6,3,123,Runnable


3,4,123,Runnable
4,4,123,Runnable
5,3,123,Running 
6,3,123,Runnable


3,4,124,Runnable
4,4,124,Runnable
5,3,124,Running 
6,3,124,Runnable


3,4,124,Runnable
4,4,124,Runnable
5,3,124,Running 
6,3,124,Runnable


3,4,124,Runnable
4,4,124,Runnable
5,3,124,Running 
6,3,124,Runnable


3,4,125,Runnable
4,4,125,Runnable
5,4,125,Runnable
6,3,125,Running 


3,4,125,Runnable
4,4,125,Runnable
5,4,125,Runnable
6,3,125,Running 


3,4,126,Runnable
4,4,126,Runnable
5,4,126,Runnable
6,3,126,Running 


3,4,126,Runnable
4,4,126,Runnable
5,4,126,Runnable
6,3,126,Running 


3,4,126,Runnable
4,4,126,Runnable
5,4,126,Runnable
6,3,126,Running 


3,4,127,Runnable
4,4,127,Runnable
5,4,127,Runnable
6,3,127,Running 


3,4,127,Runnable
4,4,127,Runnable
5,4,127,Runnable
6,3,127,Running 


3,4,128,Runnable
4,4,128,Runnable
5,4,128,Runnable
6,3,128,Running 


3,4,128,Runnable
4,4,128,Runnable
5,4,128,Runnable
6,3,128,Running 


3,4,128,Runnable
4,4,128,Runnable
5,4,128,Runnable
6,3,128,Running 


3,3,129,Runnable
4,4,129,Runnable
5,4,129,Runnable
6,3,129,Running 


3,3,129,Runnable
4,4,129,Runnable
5,4,129,Runnable
6,3,129,Running 


3,3,130,Runnable
4,4,130,Runnable
5,4,130,Runnable
6,3,130,Running 


3,3,130,Runnable
4,4,130,Runnable
5,4,130,Runnable
6,3,130,Running 


3,3,130,Runnable
4,4,130,Runnable
5,4,130,Runnable
6,3,130,Running 


3,3,131,Runnable
4,4,131,Runnable
5,4,131,Runnable
6,3,131,Running 


3,3,131,Runnable
4,4,131,Runnable
5,4,131,Runnable
6,3,131,Running 


3,3,132,Runnable
4,4,132,Runnable
5,4,132,Runnable
6,3,132,Running 


3,3,132,Runnable
4,4,132,Runnable
5,4,132,Runnable
6,3,132,Running 


3,3,132,Runnable
4,4,132,Runnable
5,4,132,Runnable
6,3,132,Running 


3,3,133,Running 
4,4,133,Runnable
5,4,133,Runnable
6,4,133,Runnable


3,3,133,Running 
4,4,133,Runnable
5,4,133,Runnable
6,4,133,Runnable


3,3,134,Running 
4,4,134,Runnable
5,4,134,Runnable
6,4,134,Runnable


3,3,134,Running 
4,4,134,Runnable
5,4,134,Runnable
6,4,134,Runnable


3,3,134,Running 
4,4,134,Runnable
5,4,134,Runnable
6,4,134,Runnable


3,3,135,Running 
4,4,135,Runnable
5,4,135,Runnable
6,4,135,Runnable


3,3,135,Running 
4,4,135,Runnable
5,4,135,Runnable
6,4,135,Runnable


3,3,136,Running 
4,4,136,Runnable
5,4,136,Runnable
6,4,136,Runnable


3,3,136,Running 
4,4,136,Runnable
5,4,136,Runnable
6,4,136,Runnable


3,3,136,Running 
4,4,136,Runnable
5,4,136,Runnable
6,4,136,Runnable


3,3,137,Running 
4,3,137,Runnable
5,4,137,Runnable
6,4,137,Runnable


3,3,137,Running 
4,3,137,Runnable
5,4,137,Runnable
6,4,137,Runnable


3,3,138,Running 
4,3,138,Runnable
5,4,138,Runnable
6,4,138,Runnable


3,3,138,Running 
4,3,138,Runnable
5,4,138,Runnable
6,4,138,Runnable
7,0,138,Runnable


3,3,138,Running 
4,3,138,Runnable
5,4,138,Runnable
6,4,138,Runnable
7,0,138,Runnable


3,3,139,Runnable
4,3,139,Runnable
5,4,139,Runnable
6,4,139,Runnable
7,0,139,Running 


3,3,139,Runnable
4,3,139,Runnable
5,4,139,Runnable
6,4,139,Runnable
7,0,139,Running 


3,3,140,Runnable
4,3,140,Runnable
5,4,140,Runnable
6,4,140,Runnable
7,1,140,Running 


3,3,140,Runnable
4,3,140,Runnable
5,4,140,Runnable
6,4,140,Runnable
7,1,140,Running 


3,3,140,Runnable
4,3,140,Runnable
5,4,140,Runnable
6,4,140,Runnable
7,1,140,Running 


3,3,141,Runnable
4,3,141,Runnable
5,4,141,Runnable
6,4,141,Runnable
7,1,141,Running 


3,3,141,Runnable
4,3,141,Runnable
5,4,141,Runnable
6,4,141,Runnable
7,1,141,Running 


3,3,142,Runnable
4,3,142,Runnable
5,4,142,Runnable
6,4,142,Runnable
7,2,142,Running 


3,3,142,Runnable
4,3,142,Runnable
5,4,142,Runnable
6,4,142,Runnable
7,2,142,Running 


3,3,142,Runnable
4,3,142,Runnable
5,4,142,Runnable
6,4,142,Runnable
7,2,142,Running 


3,3,143,Runnable
4,3,143,Runnable
5,4,143,Runnable
6,4,143,Runnable
7,2,143,Running 


3,3,143,Runnable
4,3,143,Runnable
5,4,143,Runnable
6,4,143,Runnable
7,2,143,Running 


3,3,144,Runnable
4,3,144,Runnable
5,4,144,Runnable
6,4,144,Runnable
7,2,144,Running 


3,3,144,Runnable
4,3,144,Runnable
5,4,144,Runnable
6,4,144,Runnable
7,2,144,Running 


3,3,144,Runnable
4,3,144,Runnable
5,4,144,Runnable
6,4,144,Runnable
7,2,144,Running 


3,3,145,Runnable
4,3,145,Runnable
5,3,145,Runnable
6,4,145,Runnable
7,2,145,Running 


3,3,145,Runnable
4,3,145,Runnable
5,3,145,Runnable
6,4,145,Runnable
7,2,145,Running 


3,3,146,Running 
4,3,146,Runnable
5,3,146,Runnable
6,4,146,Runnable
7,3,146,Runnable


3,3,146,Running 
4,3,146,Runnable
5,3,146,Runnable
6,4,146,Runnable
7,3,146,Runnable


3,3,146,Running 
4,3,146,Runnable
5,3,146,Runnable
6,4,146,Runnable
7,3,146,Runnable


3,3,147,Running 
4,3,147,Runnable
5,3,147,Runnable
6,4,147,Runnable
7,3,147,Runnable


3,3,147,Running 
4,3,147,Runnable
5,3,147,Runnable
6,4,147,Runnable
7,3,147,Runnable


3,4,148,Runnable
4,3,148,Running 
5,3,148,Runnable
6,4,148,Runnable
7,3,148,Runnable


3,4,148,Runnable
4,3,148,Running 
5,3,148,Runnable
6,4,148,Runnable
7,3,148,Runnable


3,4,148,Runnable
4,3,148,Running 
5,3,148,Runnable
6,4,148,Runnable
7,3,148,Runnable


3,4,149,Runnable
4,3,149,Running 
5,3,149,Runnable
6,4,149,Runnable
7,3,149,Runnable


3,4,149,Runnable
4,3,149,Running 
5,3,149,Runnable
6,4,149,Runnable
7,3,149,Runnable


3,4,150,Runnable
4,3,150,Running 
5,3,150,Runnable
6,4,150,Runnable
7,3,150,Runnable


3,4,150,Runnable
4,3,150,Running 
5,3,150,Runnable
6,4,150,Runnable
7,3,150,Runnable


3,4,151,Runnable
4,3,151,Running 
5,3,151,Runnable
6,4,151,Runnable
7,3,151,Runnable


3,4,151,Runnable
4,3,151,Running 
5,3,151,Runnable
6,4,151,Runnable
7,3,151,Runnable


3,4,151,Runnable
4,3,151,Running 
5,3,151,Runnable
6,4,151,Runnable
7,3,151,Runnable


3,4,152,Runnable
4,3,152,Running 
5,3,152,Runnable
6,4,152,Runnable
7,3,152,Runnable


3,4,152,Runnable
4,3,152,Running 
5,3,152,Runnable
6,4,152,Runnable
7,3,152,Runnable
8,0,152,Used    


3,4,153,Runnable
4,3,153,Runnable
5,3,153,Runnable
6,3,153,Runnable
7,3,153,Runnable
8,0,153,Running 


3,4,153,Runnable
4,3,153,Runnable
5,3,153,Runnable
6,3,153,Runnable
7,3,153,Runnable
8,0,153,Running 


3,4,153,Runnable
4,3,153,Runnable
5,3,153,Runnable
6,3,153,Runnable
7,3,153,Runnable
8,0,153,Running 


3,4,154,Runnable
4,3,154,Runnable
5,3,154,Runnable
6,3,154,Runnable
7,3,154,Runnable
8,1,154,Running 


3,4,154,Runnable
4,3,154,Runnable
5,3,154,Runnable
6,3,154,Runnable
7,3,154,Runnable
8,1,154,Running 


3,4,155,Runnable
4,3,155,Runnable
5,3,155,Runnable
6,3,155,Runnable
7,3,155,Runnable
8,1,155,Running 


3,4,155,Runnable
4,3,155,Runnable
5,3,155,Runnable
6,3,155,Runnable
7,3,155,Runnable
8,1,155,Running 


3,4,155,Runnable
4,3,155,Runnable
5,3,155,Runnable
6,3,155,Runnable
7,3,155,Runnable
8,1,155,Running 


3,4,156,Runnable
4,3,156,Runnable
5,3,156,Runnable
6,3,156,Runnable
7,3,156,Runnable
8,2,156,Running 


3,4,156,Runnable
4,3,156,Runnable
5,3,156,Runnable
6,3,156,Runnable
7,3,156,Runnable
8,2,156,Running 


3,4,157,Runnable
4,3,157,Runnable
5,3,157,Runnable
6,3,157,Runnable
7,3,157,Runnable
8,2,157,Running 


3,4,157,Runnable
4,3,157,Runnable
5,3,157,Runnable
6,3,157,Runnable
7,3,157,Runnable
8,2,157,Running 


3,4,157,Runnable
4,3,157,Runnable
5,3,157,Runnable
6,3,157,Runnable
7,3,157,Runnable
8,2,157,Running 


3,4,158,Runnable
4,3,158,Runnable
5,3,158,Runnable
6,3,158,Runnable
7,3,158,Runnable
8,2,158,Running 


3,4,158,Runnable
4,3,158,Runnable
5,3,158,Runnable
6,3,158,Runnable
7,3,158,Runnable
8,2,158,Running 


3,4,159,Runnable
4,3,159,Runnable
5,3,159,Runnable
6,3,159,Runnable
7,3,159,Runnable
8,2,159,Running 


3,4,159,Runnable
4,3,159,Runnable
5,3,159,Runnable
6,3,159,Runnable
7,3,159,Runnable
8,2,159,Running 


3,4,159,Runnable
4,3,159,Runnable
5,3,159,Runnable
6,3,159,Runnable
7,3,159,Runnable
8,2,159,Running 


3,4,160,Runnable
4,3,160,Running 
5,3,160,Runnable
6,3,160,Runnable
7,3,160,Runnable
8,3,160,Runnable


3,4,160,Runnable
4,3,160,Running 
5,3,160,Runnable
6,3,160,Runnable
7,3,160,Runnable
8,3,160,Runnable


3,4,161,Runnable
4,3,161,Running 
5,3,161,Runnable
6,3,161,Runnable
7,3,161,Runnable
8,3,161,Runnable


3,4,161,Runnable
4,3,161,Running 
5,3,161,Runnable
6,3,161,Runnable
7,3,161,Runnable
8,3,161,Runnable


3,4,161,Runnable
4,3,161,Running 
5,3,161,Runnable
6,3,161,Runnable
7,3,161,Runnable
8,3,161,Runnable


3,4,162,Runnable
4,3,162,Running 
5,3,162,Runnable
6,3,162,Runnable
7,3,162,Runnable
8,3,162,Runnable


3,4,162,Runnable
4,3,162,Running 
5,3,162,Runnable
6,3,162,Runnable
7,3,162,Runnable
8,3,162,Runnable


3,4,163,Runnable
4,4,163,Runnable
5,3,163,Running 
6,3,163,Runnable
7,3,163,Runnable
8,3,163,Runnable


3,4,163,Runnable
4,4,163,Runnable
5,3,163,Running 
6,3,163,Runnable
7,3,163,Runnable
8,3,163,Runnable


3,4,163,Runnable
4,4,163,Runnable
5,3,163,Running 
6,3,163,Runnable
7,3,163,Runnable
8,3,163,Runnable


3,4,164,Runnable
4,4,164,Runnable
5,3,164,Running 
6,3,164,Runnable
7,3,164,Runnable
8,3,164,Runnable


3,4,164,Runnable
4,4,164,Runnable
5,3,164,Running 
6,3,164,Runnable
7,3,164,Runnable
8,3,164,Runnable


3,4,165,Runnable
4,4,165,Runnable
5,3,165,Running 
6,3,165,Runnable
7,3,165,Runnable
8,3,165,Runnable


3,4,165,Runnable
4,4,165,Runnable
5,3,165,Running 
6,3,165,Runnable
7,3,165,Runnable
8,3,165,Runnable


3,4,165,Runnable
4,4,165,Runnable
5,3,165,Running 
6,3,165,Runnable
7,3,165,Runnable
8,3,165,Runnable


3,4,166,Runnable
4,4,166,Runnable
5,3,166,Running 
6,3,166,Runnable
7,3,166,Runnable
8,3,166,Runnable


3,4,166,Runnable
4,4,166,Runnable
5,3,166,Running 
6,3,166,Runnable
7,3,166,Runnable
8,3,166,Runnable


3,4,167,Runnable
4,4,167,Runnable
5,3,167,Running 
6,3,167,Runnable
7,3,167,Runnable
8,3,167,Runnable


3,4,167,Runnable
4,4,167,Runnable
5,3,167,Running 
6,3,167,Runnable
7,3,167,Runnable
8,3,167,Runnable


3,4,167,Runnable
4,4,167,Runnable
5,3,167,Running 
6,3,167,Runnable
7,3,167,Runnable
8,3,167,Runnable
9,0,167,Runnable


3,3,168,Runnable
4,4,168,Runnable
5,3,168,Runnable
6,3,168,Runnable
7,3,168,Runnable
8,3,168,Runnable
9,0,168,Running 


3,3,168,Runnable
4,4,168,Runnable
5,3,168,Runnable
6,3,168,Runnable
7,3,168,Runnable
8,3,168,Runnable
9,0,168,Running 


3,3,169,Runnable
4,4,169,Runnable
5,3,169,Runnable
6,3,169,Runnable
7,3,169,Runnable
8,3,169,Runnable
9,1,169,Running 


3,3,169,Runnable
4,4,169,Runnable
5,3,169,Runnable
6,3,169,Runnable
7,3,169,Runnable
8,3,169,Runnable
9,1,169,Running 


3,3,169,Runnable
4,4,169,Runnable
5,3,169,Runnable
6,3,169,Runnable
7,3,169,Runnable
8,3,169,Runnable
9,1,169,Running 


3,3,170,Runnable
4,4,170,Runnable
5,3,170,Runnable
6,3,170,Runnable
7,3,170,Runnable
8,3,170,Runnable
9,1,170,Running 


3,3,170,Runnable
4,4,170,Runnable
5,3,170,Runnable
6,3,170,Runnable
7,3,170,Runnable
8,3,170,Runnable
9,1,170,Running 


3,3,171,Runnable
4,4,171,Runnable
5,3,171,Runnable
6,3,171,Runnable
7,2,171,Running 
8,3,171,Runnable
9,2,171,Runnable


3,3,171,Runnable
4,4,171,Runnable
5,3,171,Runnable
6,3,171,Runnable
7,2,171,Running 
8,3,171,Runnable
9,2,171,Runnable


3,3,171,Runnable
4,4,171,Runnable
5,3,171,Runnable
6,3,171,Runnable
7,2,171,Running 
8,3,171,Runnable
9,2,171,Runnable


3,3,172,Runnable
4,4,172,Runnable
5,3,172,Runnable
6,3,172,Runnable
7,2,172,Running 
8,3,172,Runnable
9,2,172,Runnable


3,3,172,Runnable
4,4,172,Runnable
5,3,172,Runnable
6,3,172,Runnable
7,2,172,Running 
8,3,172,Runnable
9,2,172,Runnable


3,3,173,Runnable
4,4,173,Runnable
5,3,173,Runnable
6,3,173,Runnable
7,2,173,Running 
8,3,173,Runnable
9,2,173,Runnable


3,3,173,Runnable
4,4,173,Runnable
5,3,173,Runnable
6,3,173,Runnable
7,2,173,Running 
8,3,173,Runnable
9,2,173,Runnable


3,3,173,Runnable
4,4,173,Runnable
5,3,173,Runnable
6,3,173,Runnable
7,2,173,Running 
8,3,173,Runnable
9,2,173,Runnable


3,3,174,Runnable
4,4,174,Runnable
5,3,174,Runnable
6,3,174,Runnable
7,2,174,Running 
8,3,174,Runnable
9,2,174,Runnable


3,3,174,Runnable
4,4,174,Runnable
5,3,174,Runnable
6,3,174,Runnable
7,2,174,Running 
8,3,174,Runnable
9,2,174,Runnable


3,3,175,Runnable
4,4,175,Runnable
5,2,175,Runnable
6,3,175,Runnable
7,3,175,Runnable
8,3,175,Runnable
9,2,175,Running 


3,3,175,Runnable
4,4,175,Runnable
5,2,175,Runnable
6,3,175,Runnable
7,3,175,Runnable
8,3,175,Runnable
9,2,175,Running 


3,3,175,Runnable
4,4,175,Runnable
5,2,175,Runnable
6,3,175,Runnable
7,3,175,Runnable
8,3,175,Runnable
9,2,175,Running 


3,3,176,Runnable
4,4,176,Runnable
5,2,176,Runnable
6,3,176,Runnable
7,3,176,Runnable
8,3,176,Runnable
9,2,176,Running 


3,3,176,Runnable
4,4,176,Runnable
5,2,176,Runnable
6,3,176,Runnable
7,3,176,Runnable
8,3,176,Runnable
9,2,176,Running 


3,3,177,Runnable
4,4,177,Runnable
5,2,177,Runnable
6,3,177,Runnable
7,3,177,Runnable
8,3,177,Runnable
9,2,177,Running 


3,3,177,Runnable
4,4,177,Runnable
5,2,177,Runnable
6,3,177,Runnable
7,3,177,Runnable
8,3,177,Runnable
9,2,177,Running 


3,3,178,Runnable
4,4,178,Runnable
5,2,178,Runnable
6,3,178,Runnable
7,3,178,Runnable
8,3,178,Runnable
9,2,178,Runnable


3,3,178,Runnable
4,4,178,Runnable
5,2,178,Runnable
6,2,178,Runnable
7,3,178,Runnable
8,3,178,Runnable
9,2,178,Running 


3,3,178,Runnable
4,4,178,Runnable
5,2,178,Runnable
6,2,178,Runnable
7,3,178,Runnable
8,3,178,Runnable
9,2,178,Running 


3,3,179,Runnable
4,4,179,Runnable
5,2,179,Running 
6,2,179,Runnable
7,3,179,Runnable
8,3,179,Runnable
9,3,179,Runnable


3,3,179,Runnable
4,4,179,Runnable
5,2,179,Running 
6,2,179,Runnable
7,3,179,Runnable
8,3,179,Runnable
9,3,179,Runnable


3,3,180,Runnable
4,4,180,Runnable
5,2,180,Running 
6,2,180,Runnable
7,3,180,Runnable
8,3,180,Runnable
9,3,180,Runnable


3,3,180,Runnable
4,4,180,Runnable
5,2,180,Running 
6,2,180,Runnable
7,3,180,Runnable
8,3,180,Runnable
9,3,180,Runnable


3,3,180,Runnable
4,4,180,Runnable
5,2,180,Running 
6,2,180,Runnable
7,3,180,Runnable
8,3,180,Runnable
9,3,180,Runnable


3,3,181,Runnable
4,4,181,Runnable
5,2,181,Running 
6,2,181,Runnable
7,3,181,Runnable
8,3,181,Runnable
9,3,181,Runnable


3,3,181,Runnable
4,4,181,Runnable
5,2,181,Running 
6,2,181,Runnable
7,3,181,Runnable
8,3,181,Runnable
9,3,181,Runnable


3,3,182,Runnable
4,4,182,Runnable
5,2,182,Running 
6,2,182,Runnable
7,3,182,Runnable
8,3,182,Runnable
9,3,182,Runnable


3,3,182,Runnable
4,4,182,Runnable
5,2,182,Running 
6,2,182,Runnable
7,3,182,Runnable
8,3,182,Runnable
9,3,182,Runnable


3,3,182,Runnable
4,4,182,Runnable
5,2,182,Running 
6,2,182,Runnable
7,3,182,Runnable
8,3,182,Runnable
9,3,182,Runnable


3,3,183,Runnable
4,3,183,Runnable
5,3,183,Runnable
6,2,183,Running 
7,3,183,Runnable
8,3,183,Runnable
9,3,183,Runnable


3,3,183,Runnable
4,3,183,Runnable
5,3,183,Runnable
6,2,183,Running 
7,3,183,Runnable
8,3,183,Runnable
9,3,183,Runnable


3,3,184,Runnable
4,3,184,Runnable
5,3,184,Runnable
6,2,184,Running 
7,3,184,Runnable
8,3,184,Runnable
9,3,184,Runnable


3,3,184,Runnable
4,3,184,Runnable
5,3,184,Runnable
6,2,184,Running 
7,3,184,Runnable
8,3,184,Runnable
9,3,184,Runnable


3,3,184,Runnable
4,3,184,Runnable
5,3,184,Runnable
6,2,184,Running 
7,3,184,Runnable
8,3,184,Runnable
9,3,184,Runnable


3,3,185,Runnable
4,3,185,Runnable
5,3,185,Runnable
6,2,185,Running 
7,3,185,Runnable
8,2,185,Runnable
9,3,185,Runnable


3,3,185,Runnable
4,3,185,Runnable
5,3,185,Runnable
6,2,185,Running 
7,3,185,Runnable
8,2,185,Runnable
9,3,185,Runnable


3,3,186,Runnable
4,3,186,Runnable
5,3,186,Runnable
6,2,186,Running 
7,3,186,Runnable
8,2,186,Runnable
9,3,186,Runnable


3,3,186,Runnable
4,3,186,Runnable
5,3,186,Runnable
6,2,186,Running 
7,3,186,Runnable
8,2,186,Runnable
9,3,186,Runnable


3,3,186,Runnable
4,3,186,Runnable
5,3,186,Runnable
6,2,186,Running 
7,3,186,Runnable
8,2,186,Runnable
9,3,186,Runnable


3,3,187,Runnable
4,3,187,Runnable
5,3,187,Runnable
6,3,187,Runnable
7,3,187,Runnable
8,2,187,Running 
9,3,187,Runnable


3,3,187,Runnable
4,3,187,Runnable
5,3,187,Runnable
6,3,187,Runnable
7,3,187,Runnable
8,2,187,Running 
9,3,187,Runnable


3,3,188,Runnable
4,3,188,Runnable
5,3,188,Runnable
6,3,188,Runnable
7,3,188,Runnable
8,2,188,Running 
9,3,188,Runnable


3,3,188,Runnable
4,3,188,Runnable
5,3,188,Runnable
6,3,188,Runnable
7,3,188,Runnable
8,2,188,Running 
9,3,188,Runnable


3,3,188,Runnable
4,3,188,Runnable
5,3,188,Runnable
6,3,188,Runnable
7,3,188,Runnable
8,2,188,Running 
9,3,188,Runnable


3,3,189,Runnable
4,3,189,Runnable
5,3,189,Runnable
6,3,189,Runnable
7,3,189,Runnable
8,2,189,Running 
9,3,189,Runnable


3,3,189,Runnable
4,3,189,Runnable
5,3,189,Runnable
6,3,189,Runnable
7,3,189,Runnable
8,2,189,Running 
9,3,189,Runnable


3,3,190,Runnable
4,3,190,Runnable
5,3,190,Runnable
6,3,190,Runnable
7,3,190,Runnable
8,2,190,Running 
9,3,190,Runnable


3,3,190,Runnable
4,3,190,Runnable
5,3,190,Runnable
6,3,190,Runnable
7,3,190,Runnable
8,2,190,Running 
9,3,190,Runnable


3,3,190,Runnable
4,3,190,Runnable
5,3,190,Runnable
6,3,190,Runnable
7,3,190,Runnable
8,2,190,Running 
9,3,190,Runnable


3,3,191,Running 
4,3,191,Runnable
5,3,191,Runnable
6,3,191,Runnable
7,3,191,Runnable
8,3,191,Runnable
9,3,191,Runnable


3,3,191,Running 
4,3,191,Runnable
5,3,191,Runnable
6,3,191,Runnable
7,3,191,Runnable
8,3,191,Runnable
9,3,191,Runnable


3,3,192,Running 
4,3,192,Runnable
5,3,192,Runnable
6,3,192,Runnable
7,3,192,Runnable
8,3,192,Runnable
9,3,192,Runnable


3,3,192,Running 
4,3,192,Runnable
5,3,192,Runnable
6,3,192,Runnable
7,3,192,Runnable
8,3,192,Runnable
9,3,192,Runnable


3,3,192,Running 
4,3,192,Runnable
5,3,192,Runnable
6,3,192,Runnable
7,3,192,Runnable
8,3,192,Runnable
9,3,192,Runnable


3,3,193,Running 
4,3,193,Runnable
5,3,193,Runnable
6,3,193,Runnable
7,3,193,Runnable
8,3,193,Runnable
9,3,193,Runnable


3,3,193,Running 
4,3,193,Runnable
5,3,193,Runnable
6,3,193,Runnable
7,3,193,Runnable
8,3,193,Runnable
9,3,193,Runnable


3,3,194,Running 
4,3,194,Runnable
5,3,194,Runnable
6,3,194,Runnable
7,3,194,Runnable
8,3,194,Runnable
9,3,194,Runnable


3,3,194,Running 
4,3,194,Runnable
5,3,194,Runnable
6,3,194,Runnable
7,3,194,Runnable
8,3,194,Runnable
9,3,194,Runnable


3,3,194,Running 
4,3,194,Runnable
5,3,194,Runnable
6,3,194,Runnable
7,3,194,Runnable
8,3,194,Runnable
9,3,194,Runnable


3,3,195,Running 
4,3,195,Runnable
5,3,195,Runnable
6,3,195,Runnable
7,3,195,Runnable
8,3,195,Runnable
9,3,195,Runnable


3,3,195,Running 
4,3,195,Runnable
5,3,195,Runnable
6,3,195,Runnable
7,3,195,Runnable
8,3,195,Runnable
9,3,195,Runnable


3,3,196,Running 
4,3,196,Runnable
5,3,196,Runnable
6,3,196,Runnable
7,3,196,Runnable
8,3,196,Runnable
9,3,196,Runnable


3,3,196,Running 
4,3,196,Runnable
5,3,196,Runnable
6,3,196,Runnable
7,3,196,Runnable
8,3,196,Runnable
9,3,196,Runnable


3,3,196,Running 
4,3,196,Runnable
5,3,196,Runnable
6,3,196,Runnable
7,3,196,Runnable
8,3,196,Runnable
9,3,196,Runnable


3,3,197,Running 
4,3,197,Runnable
5,3,197,Runnable
6,3,197,Runnable
7,3,197,Runnable
8,3,197,Runnable
9,3,197,Runnable


3,3,197,Running 
4,3,197,Runnable
5,3,197,Runnable
6,3,197,Runnable
7,3,197,Runnable
8,3,197,Runnable
9,3,197,Runnable


3,3,198,Running 
4,3,198,Runnable
5,3,198,Runnable
6,3,198,Runnable
7,3,198,Runnable
8,3,198,Runnable
9,3,198,Runnable


3,3,198,Running 
4,3,198,Runnable
5,3,198,Runnable
6,3,198,Runnable
7,3,198,Runnable
8,3,198,Runnable
9,3,198,Runnable


3,3,198,Running 
4,3,198,Runnable
5,3,198,Runnable
6,3,198,Runnable
7,3,198,Runnable
8,3,198,Runnable
9,3,198,Runnable


3,4,199,Runnable
4,3,199,Runnable
5,3,199,Runnable
6,3,199,Runnable
7,3,199,Running 
8,3,199,Runnable
9,3,199,Runnable


3,4,199,Runnable
4,3,199,Runnable
5,3,199,Runnable
6,3,199,Runnable
7,3,199,Running 
8,3,199,Runnable
9,3,199,Runnable


3,4,200,Runnable
4,3,200,Runnable
5,3,200,Runnable
6,3,200,Runnable
7,3,200,Running 
8,3,200,Runnable
9,3,200,Runnable


3,4,200,Runnable
4,3,200,Runnable
5,3,200,Runnable
6,3,200,Runnable
7,3,200,Running 
8,3,200,Runnable
9,3,200,Runnable


3,4,200,Runnable
4,3,200,Runnable
5,3,200,Runnable
6,3,200,Runnable
7,3,200,Running 
8,3,200,Runnable
9,3,200,Runnable


3,4,201,Runnable
4,3,201,Runnable
5,3,201,Runnable
6,3,201,Runnable
7,3,201,Running 
8,3,201,Runnable
9,3,201,Runnable


3,4,201,Runnable
4,3,201,Runnable
5,3,201,Runnable
6,3,201,Runnable
7,3,201,Running 
8,3,201,Runnable
9,3,201,Runnable


3,4,202,Runnable
4,3,202,Runnable
5,3,202,Runnable
6,3,202,Runnable
7,3,202,Running 
8,3,202,Runnable
9,3,202,Runnable


3,4,202,Runnable
4,3,202,Runnable
5,3,202,Runnable
6,3,202,Runnable
7,3,202,Running 
8,3,202,Runnable
9,3,202,Runnable


3,4,202,Runnable
4,3,202,Runnable
5,3,202,Runnable
6,3,202,Runnable
7,3,202,Running 
8,3,202,Runnable
9,3,202,Runnable


3,4,203,Runnable
4,3,203,Runnable
5,3,203,Runnable
6,3,203,Runnable
7,3,203,Running 
8,3,203,Runnable
9,3,203,Runnable


3,4,203,Runnable
4,3,203,Runnable
5,3,203,Runnable
6,3,203,Runnable
7,3,203,Running 
8,3,203,Runnable
9,3,203,Runnable


3,4,204,Runnable
4,3,204,Runnable
5,3,204,Runnable
6,3,204,Runnable
7,3,204,Runnable
8,3,204,Runnable
9,2,204,Running 


3,4,204,Runnable
4,3,204,Runnable
5,3,204,Runnable
6,3,204,Runnable
7,3,204,Runnable
8,3,204,Runnable
9,2,204,Running 


3,4,204,Runnable
4,3,204,Runnable
5,3,204,Runnable
6,3,204,Runnable
7,3,204,Runnable
8,3,204,Runnable
9,2,204,Running 


3,4,205,Runnable
4,3,205,Runnable
5,3,205,Runnable
6,3,205,Runnable
7,2,205,Runnable
8,3,205,Runnable
9,2,205,Running 


3,4,205,Runnable
4,3,205,Runnable
5,3,205,Runnable
6,3,205,Runnable
7,2,205,Runnable
8,3,205,Runnable
9,2,205,Running 


3,4,206,Runnable
4,3,206,Runnable
5,3,206,Runnable
6,3,206,Runnable
7,2,206,Runnable
8,3,206,Runnable
9,2,206,Running 


3,4,206,Runnable
4,3,206,Runnable
5,3,206,Runnable
6,3,206,Runnable
7,2,206,Runnable
8,3,206,Runnable
9,2,206,Running 


3,4,206,Runnable
4,3,206,Runnable
5,3,206,Runnable
6,3,206,Runnable
7,2,206,Runnable
8,3,206,Runnable
9,2,206,Running 


3,4,207,Runnable
4,3,207,Runnable
5,3,207,Runnable
6,3,207,Runnable
7,2,207,Runnable
8,3,207,Runnable
9,2,207,Running 


3,4,207,Runnable
4,3,207,Runnable
5,3,207,Runnable
6,3,207,Runnable
7,2,207,Runnable
8,3,207,Runnable
9,2,207,Running 


3,4,208,Runnable
4,2,208,Runnable
5,2,208,Runnable
6,3,208,Runnable
7,2,208,Running 
8,3,208,Runnable
9,3,208,Runnable


3,4,208,Runnable
4,2,208,Runnable
5,2,208,Runnable
6,3,208,Runnable
7,2,208,Running 
8,3,208,Runnable
9,3,208,Runnable


3,4,208,Runnable
4,2,208,Runnable
5,2,208,Runnable
6,3,208,Runnable
7,2,208,Running 
8,3,208,Runnable
9,3,208,Runnable


3,4,209,Runnable
4,2,209,Runnable
5,2,209,Runnable
6,3,209,Runnable
7,2,209,Running 
8,3,209,Runnable
9,3,209,Runnable


3,4,209,Runnable
4,2,209,Runnable
5,2,209,Runnable
6,3,209,Runnable
7,2,209,Running 
8,3,209,Runnable
9,3,209,Runnable


3,4,210,Runnable
4,2,210,Runnable
5,2,210,Runnable
6,3,210,Runnable
7,2,210,Running 
8,3,210,Runnable
9,3,210,Runnable


3,4,210,Runnable
4,2,210,Runnable
5,2,210,Runnable
6,3,210,Runnable
7,2,210,Running 
8,3,210,Runnable
9,3,210,Runnable


3,4,210,Runnable
4,2,210,Runnable
5,2,210,Runnable
6,3,210,Runnable
7,2,210,Running 
8,3,210,Runnable
9,3,210,Runnable


3,4,211,Runnable
4,2,211,Runnable
5,2,211,Runnable
6,3,211,Runnable
7,2,211,Running 
8,3,211,Runnable
9,3,211,Runnable


3,4,211,Runnable
4,2,211,Running 
5,2,211,Runnable
6,3,211,Runnable
7,2,211,Zombie  
8,3,211,Runnable
9,3,211,Runnable


3,4,212,Runnable
4,2,212,Running 
5,2,212,Runnable
6,2,212,Runnable
7,2,212,Zombie  
8,3,212,Runnable
9,3,212,Runnable


3,4,212,Runnable
4,2,212,Running 
5,2,212,Runnable
6,2,212,Runnable
7,2,212,Zombie  
8,3,212,Runnable
9,3,212,Runnable


3,4,213,Runnable
4,2,213,Runnable
5,2,213,Runnable
6,2,213,Runnable
7,2,213,Zombie  
8,3,213,Runnable
9,3,213,Runnable


3,4,213,Runnable
4,2,213,Running 
5,2,213,Runnable
6,2,213,Runnable
7,2,213,Zombie  
8,3,213,Runnable
9,3,213,Runnable


3,4,213,Runnable
4,2,213,Running 
5,2,213,Runnable
6,2,213,Runnable
7,2,213,Zombie  
8,3,213,Runnable
9,3,213,Runnable


3,4,214,Runnable
4,2,214,Running 
5,2,214,Runnable
6,2,214,Runnable
7,2,214,Zombie  
8,3,214,Runnable
9,3,214,Runnable


3,4,214,Runnable
4,2,214,Running 
5,2,214,Runnable
6,2,214,Runnable
7,2,214,Zombie  
8,3,214,Runnable
9,3,214,Runnable


3,4,215,Runnable
4,3,215,Runnable
5,2,215,Running 
6,2,215,Runnable
7,2,215,Zombie  
8,3,215,Runnable
9,3,215,Runnable


3,4,215,Runnable
4,3,215,Runnable
5,2,215,Running 
6,2,215,Runnable
7,2,215,Zombie  
8,3,215,Runnable
9,3,215,Runnable


3,4,215,Runnable
4,3,215,Runnable
5,2,215,Running 
6,2,215,Runnable
7,2,215,Zombie  
8,3,215,Runnable
9,3,215,Runnable


3,4,216,Runnable
4,3,216,Runnable
5,2,216,Running 
6,2,216,Runnable
7,2,216,Zombie  
8,2,216,Runnable
9,3,216,Runnable


3,4,216,Runnable
4,3,216,Runnable
5,2,216,Running 
6,2,216,Runnable
7,2,216,Zombie  
8,2,216,Runnable
9,3,216,Runnable


3,4,217,Runnable
4,3,217,Runnable
5,2,217,Running 
6,2,217,Runnable
7,2,217,Zombie  
8,2,217,Runnable
9,3,217,Runnable


3,4,217,Runnable
4,3,217,Runnable
5,2,217,Running 
6,2,217,Runnable
7,2,217,Zombie  
8,2,217,Runnable
9,3,217,Runnable


3,4,217,Runnable
4,3,217,Runnable
5,2,217,Running 
6,2,217,Runnable
7,2,217,Zombie  
8,2,217,Runnable
9,3,217,Runnable


3,4,218,Runnable
4,3,218,Runnable
5,2,218,Running 
6,2,218,Runnable
7,2,218,Zombie  
8,2,218,Runnable
9,3,218,Runnable


3,4,218,Runnable
4,3,218,Runnable
5,2,218,Running 
6,2,218,Runnable
7,2,218,Zombie  
8,2,218,Runnable
9,3,218,Runnable


3,3,219,Runnable
4,3,219,Runnable
5,3,219,Runnable
6,2,219,Running 
7,2,219,Zombie  
8,2,219,Runnable
9,3,219,Runnable


3,3,219,Runnable
4,3,219,Runnable
5,3,219,Runnable
6,2,219,Running 
7,2,219,Zombie  
8,2,219,Runnable
9,3,219,Runnable


3,3,219,Runnable
4,3,219,Runnable
5,3,219,Runnable
6,2,219,Running 
7,2,219,Zombie  
8,2,219,Runnable
9,3,219,Runnable


3,3,220,Runnable
4,3,220,Runnable
5,3,220,Runnable
6,2,220,Runnable
7,2,220,Zombie  
8,2,220,Runnable
9,3,220,Runnable
10,0,220,Running 


3,3,220,Runnable
4,3,220,Runnable
5,3,220,Runnable
6,2,220,Runnable
7,2,220,Zombie  
8,2,220,Runnable
9,3,220,Runnable
10,0,220,Running 


3,3,221,Runnable
4,3,221,Runnable
5,3,221,Runnable
6,2,221,Runnable
7,2,221,Zombie  
8,2,221,Runnable
9,3,221,Runnable
10,1,221,Running 


3,3,221,Runnable
4,3,221,Runnable
5,3,221,Runnable
6,2,221,Runnable
7,2,221,Zombie  
8,2,221,Runnable
9,3,221,Runnable
10,1,221,Running 


3,3,221,Runnable
4,3,221,Runnable
5,3,221,Runnable
6,2,221,Runnable
7,2,221,Zombie  
8,2,221,Runnable
9,3,221,Runnable
10,1,221,Running 


3,3,222,Runnable
4,3,222,Runnable
5,3,222,Runnable
6,2,222,Runnable
7,2,222,Zombie  
8,2,222,Runnable
9,3,222,Runnable
10,1,222,Running 


3,3,222,Runnable
4,3,222,Runnable
5,3,222,Runnable
6,2,222,Runnable
7,2,222,Zombie  
8,2,222,Runnable
9,3,222,Runnable
10,1,222,Running 


3,3,223,Runnable
4,3,223,Runnable
5,3,223,Runnable
6,2,223,Running 
7,2,223,Zombie  
8,2,223,Runnable
9,3,223,Runnable
10,2,223,Runnable


3,3,223,Runnable
4,3,223,Runnable
5,3,223,Runnable
6,2,223,Running 
7,2,223,Zombie  
8,2,223,Runnable
9,3,223,Runnable
10,2,223,Runnable


3,3,223,Runnable
4,3,223,Runnable
5,3,223,Runnable
6,2,223,Running 
7,2,223,Zombie  
8,2,223,Runnable
9,3,223,Runnable
10,2,223,Runnable


3,3,224,Runnable
4,3,224,Runnable
5,3,224,Runnable
6,2,224,Running 
7,2,224,Zombie  
8,2,224,Runnable
9,3,224,Runnable
10,2,224,Runnable


3,3,224,Runnable
4,3,224,Runnable
5,3,224,Runnable
6,2,224,Running 
7,2,224,Zombie  
8,2,224,Runnable
9,3,224,Runnable
10,2,224,Runnable


3,3,225,Runnable
4,3,225,Runnable
5,3,225,Runnable
6,2,225,Running 
7,2,225,Zombie  
8,2,225,Runnable
9,3,225,Runnable
10,2,225,Runnable


3,3,225,Runnable
4,3,225,Runnable
5,3,225,Runnable
6,2,225,Running 
7,2,225,Zombie  
8,2,225,Runnable
9,3,225,Runnable
10,2,225,Runnable


3,3,225,Runnable
4,3,225,Runnable
5,3,225,Runnable
6,2,225,Running 
7,2,225,Zombie  
8,2,225,Runnable
9,3,225,Runnable
10,2,225,Runnable


3,3,226,Runnable
4,3,226,Runnable
5,3,226,Runnable
6,3,226,Runnable
7,2,226,Zombie  
8,2,226,Running 
9,3,226,Runnable
10,2,226,Runnable


3,3,226,Runnable
4,3,226,Runnable
5,3,226,Runnable
6,3,226,Runnable
7,2,226,Zombie  
8,2,226,Running 
9,3,226,Runnable
10,2,226,Runnable


3,3,227,Runnable
4,3,227,Runnable
5,3,227,Runnable
6,3,227,Runnable
7,2,227,Zombie  
8,2,227,Running 
9,3,227,Runnable
10,2,227,Runnable


3,3,227,Runnable
4,3,227,Runnable
5,3,227,Runnable
6,3,227,Runnable
7,2,227,Zombie  
8,2,227,Running 
9,3,227,Runnable
10,2,227,Runnable


3,3,227,Runnable
4,3,227,Runnable
5,3,227,Runnable
6,3,227,Runnable
7,2,227,Zombie  
8,2,227,Running 
9,3,227,Runnable
10,2,227,Runnable


3,3,228,Runnable
4,3,228,Runnable
5,3,228,Runnable
6,3,228,Runnable
7,2,228,Zombie  
8,2,228,Running 
9,3,228,Runnable
10,2,228,Runnable


3,3,228,Runnable
4,3,228,Runnable
5,3,228,Runnable
6,3,228,Runnable
7,2,228,Zombie  
8,2,228,Running 
9,3,228,Runnable
10,2,228,Runnable


3,3,229,Runnable
4,3,229,Runnable
5,3,229,Runnable
6,3,229,Runnable
7,2,229,Zombie  
8,2,229,Running 
9,3,229,Runnable
10,2,229,Runnable


3,3,229,Runnable
4,3,229,Runnable
5,3,229,Runnable
6,3,229,Runnable
7,2,229,Zombie  
8,2,229,Running 
9,3,229,Runnable
10,2,229,Runnable


3,3,229,Runnable
4,3,229,Runnable
5,3,229,Runnable
6,3,229,Runnable
7,2,229,Zombie  
8,2,229,Running 
9,3,229,Runnable
10,2,229,Runnable


3,3,230,Runnable
4,3,230,Runnable
5,3,230,Runnable
6,3,230,Runnable
7,2,230,Zombie  
8,3,230,Runnable
9,3,230,Runnable
10,2,230,Running 


3,3,230,Runnable
4,3,230,Runnable
5,3,230,Runnable
6,3,230,Runnable
7,2,230,Zombie  
8,3,230,Runnable
9,3,230,Runnable
10,2,230,Running 


3,3,231,Runnable
4,3,231,Runnable
5,3,231,Runnable
6,3,231,Runnable
7,2,231,Zombie  
8,3,231,Runnable
9,3,231,Runnable
10,2,231,Running 


3,3,231,Runnable
4,3,231,Runnable
5,3,231,Runnable
6,3,231,Runnable
7,2,231,Zombie  
8,3,231,Runnable
9,3,231,Runnable
10,2,231,Running 


3,3,231,Runnable
4,3,231,Runnable
5,3,231,Runnable
6,3,231,Runnable
7,2,231,Zombie  
8,3,231,Runnable
9,3,231,Runnable
10,2,231,Running 


3,3,232,Runnable
4,3,232,Runnable
5,3,232,Runnable
6,3,232,Runnable
7,2,232,Zombie  
8,3,232,Runnable
9,3,232,Runnable
10,2,232,Running 


3,3,232,Runnable
4,3,232,Runnable
5,3,232,Runnable
6,3,232,Runnable
7,2,232,Zombie  
8,3,232,Runnable
9,3,232,Runnable
10,2,232,Running 


3,3,233,Runnable
4,3,233,Runnable
5,3,233,Runnable
6,3,233,Runnable
7,2,233,Zombie  
8,3,233,Runnable
9,2,233,Runnable
10,2,233,Running 


3,3,233,Runnable
4,3,233,Runnable
5,3,233,Runnable
6,3,233,Runnable
7,2,233,Zombie  
8,3,233,Runnable
9,2,233,Runnable
10,2,233,Running 


3,3,233,Runnable
4,3,233,Runnable
5,3,233,Runnable
6,3,233,Runnable
7,2,233,Zombie  
8,3,233,Runnable
9,2,233,Runnable
10,2,233,Running 


3,3,234,Runnable
4,3,234,Runnable
5,3,234,Runnable
6,3,234,Runnable
7,2,234,Zombie  
8,3,234,Runnable
9,2,234,Running 
10,3,234,Runnable


3,3,234,Runnable
4,3,234,Runnable
5,3,234,Runnable
6,3,234,Runnable
7,2,234,Zombie  
8,3,234,Runnable
9,2,234,Running 
10,3,234,Runnable


3,3,235,Runnable
4,3,235,Runnable
5,3,235,Runnable
6,3,235,Runnable
7,2,235,Zombie  
8,3,235,Runnable
9,2,235,Running 
10,3,235,Runnable


3,3,235,Runnable
4,3,235,Runnable
5,3,235,Runnable
6,3,235,Runnable
7,2,235,Zombie  
8,3,235,Runnable
9,2,235,Running 
10,3,235,Runnable


3,3,235,Runnable
4,3,235,Runnable
5,3,235,Runnable
6,3,235,Runnable
7,2,235,Zombie  
8,3,235,Runnable
9,2,235,Running 
10,3,235,Runnable


3,3,236,Runnable
4,3,236,Runnable
5,3,236,Runnable
6,3,236,Runnable
7,2,236,Zombie  
8,3,236,Runnable
9,2,236,Running 
10,3,236,Runnable


3,3,236,Runnable
4,3,236,Runnable
5,3,236,Runnable
6,3,236,Runnable
7,2,236,Zombie  
8,3,236,Runnable
9,2,236,Running 
10,3,236,Runnable


3,3,237,Runnable
4,3,237,Runnable
5,3,237,Runnable
6,3,237,Runnable
7,2,237,Zombie  
8,3,237,Runnable
9,2,237,Running 
10,3,237,Runnable


3,3,237,Runnable
4,3,237,Runnable
5,3,237,Runnable
6,3,237,Runnable
7,2,237,Zombie  
8,3,237,Runnable
9,2,237,Running 
10,3,237,Runnable


3,3,237,Runnable
4,3,237,Runnable
5,3,237,Runnable
6,3,237,Runnable
7,2,237,Zombie  
8,3,237,Runnable
9,2,237,Running 
10,3,237,Runnable


3,3,238,Runnable
4,3,238,Running 
5,3,238,Runnable
6,3,238,Runnable
7,2,238,Zombie  
8,3,238,Runnable
9,3,238,Runnable
10,3,238,Runnable


3,3,238,Runnable
4,3,238,Running 
5,3,238,Runnable
6,3,238,Runnable
7,2,238,Zombie  
8,3,238,Runnable
9,3,238,Runnable
10,3,238,Runnable


3,3,239,Runnable
4,3,239,Running 
5,3,239,Runnable
6,3,239,Runnable
7,2,239,Zombie  
8,3,239,Runnable
9,3,239,Runnable
10,3,239,Runnable


3,3,239,Runnable
4,3,239,Running 
5,3,239,Runnable
6,3,239,Runnable
7,2,239,Zombie  
8,3,239,Runnable
9,3,239,Runnable
10,3,239,Runnable


3,3,239,Runnable
4,3,239,Running 
5,3,239,Runnable
6,3,239,Runnable
7,2,239,Zombie  
8,3,239,Runnable
9,3,239,Runnable
10,3,239,Runnable


3,3,240,Runnable
4,3,240,Running 
5,3,240,Runnable
6,3,240,Runnable
7,2,240,Zombie  
8,3,240,Runnable
9,3,240,Runnable
10,3,240,Runnable


3,3,240,Runnable
4,3,240,Running 
5,3,240,Runnable
6,3,240,Runnable
7,2,240,Zombie  
8,3,240,Runnable
9,3,240,Runnable
10,3,240,Runnable


3,3,241,Runnable
4,3,241,Running 
5,3,241,Runnable
6,3,241,Runnable
7,2,241,Zombie  
8,3,241,Runnable
9,3,241,Runnable
10,3,241,Runnable


3,3,241,Runnable
4,3,241,Running 
5,3,241,Runnable
6,3,241,Runnable
7,2,241,Zombie  
8,3,241,Runnable
9,3,241,Runnable
10,3,241,Runnable


3,3,241,Runnable
4,3,241,Running 
5,3,241,Runnable
6,3,241,Runnable
7,2,241,Zombie  
8,3,241,Runnable
9,3,241,Runnable
10,3,241,Runnable


3,3,242,Runnable
4,3,242,Running 
5,3,242,Runnable
6,3,242,Runnable
7,2,242,Zombie  
8,3,242,Runnable
9,3,242,Runnable
10,3,242,Runnable


3,3,242,Runnable
4,3,242,Running 
5,3,242,Runnable
6,3,242,Runnable
7,2,242,Zombie  
8,3,242,Runnable
9,3,242,Runnable
10,3,242,Runnable


3,3,243,Runnable
4,3,243,Running 
5,3,243,Runnable
6,3,243,Runnable
7,2,243,Zombie  
8,3,243,Runnable
9,3,243,Runnable
10,3,243,Runnable


3,3,243,Runnable
4,3,243,Running 
5,3,243,Runnable
6,3,243,Runnable
7,2,243,Zombie  
8,3,243,Runnable
9,3,243,Runnable
10,3,243,Runnable


3,3,243,Runnable
4,3,243,Running 
5,3,243,Runnable
6,3,243,Runnable
7,2,243,Zombie  
8,3,243,Runnable
9,3,243,Runnable
10,3,243,Runnable


3,2,244,Running 
4,3,244,Runnable
5,2,244,Runnable
6,3,244,Runnable
7,2,244,Zombie  
8,3,244,Runnable
9,3,244,Runnable
10,3,244,Runnable


3,2,244,Running 
4,3,244,Runnable
5,2,244,Runnable
6,3,244,Runnable
7,2,244,Zombie  
8,3,244,Runnable
9,3,244,Runnable
10,3,244,Runnable


3,2,245,Running 
4,3,245,Runnable
5,2,245,Runnable
6,3,245,Runnable
7,2,245,Zombie  
8,3,245,Runnable
9,3,245,Runnable
10,3,245,Runnable


3,2,245,Running 
4,3,245,Runnable
5,2,245,Runnable
6,3,245,Runnable
7,2,245,Zombie  
8,3,245,Runnable
9,3,245,Runnable
10,3,245,Runnable


3,2,245,Running 
4,3,245,Runnable
5,2,245,Runnable
6,3,245,Runnable
7,2,245,Zombie  
8,3,245,Runnable
9,3,245,Runnable
10,3,245,Runnable


3,2,246,Running 
4,2,246,Runnable
5,2,246,Runnable
6,3,246,Runnable
7,2,246,Zombie  
8,3,246,Runnable
9,3,246,Runnable
10,3,246,Runnable


3,2,246,Running 
4,2,246,Runnable
5,2,246,Runnable
6,3,246,Runnable
7,2,246,Zombie  
8,3,246,Runnable
9,3,246,Runnable
10,3,246,Runnable


3,2,247,Running 
4,2,247,Runnable
5,2,247,Runnable
6,3,247,Runnable
7,2,247,Zombie  
8,3,247,Runnable
9,3,247,Runnable
10,3,247,Runnable


3,2,247,Running 
4,2,247,Runnable
5,2,247,Runnable
6,3,247,Runnable
7,2,247,Zombie  
8,3,247,Runnable
9,3,247,Runnable
10,3,247,Runnable


3,2,247,Running 
4,2,247,Runnable
5,2,247,Runnable
6,3,247,Runnable
7,2,247,Zombie  
8,3,247,Runnable
9,3,247,Runnable
10,3,247,Runnable


3,3,248,Runnable
4,2,248,Runnable
5,2,248,Running 
6,3,248,Runnable
7,2,248,Zombie  
8,3,248,Runnable
9,3,248,Runnable
10,3,248,Runnable


3,3,248,Runnable
4,2,248,Runnable
5,2,248,Running 
6,3,248,Runnable
7,2,248,Zombie  
8,3,248,Runnable
9,3,248,Runnable
10,3,248,Runnable


3,3,249,Runnable
4,2,249,Runnable
5,2,249,Running 
6,3,249,Runnable
7,2,249,Zombie  
8,3,249,Runnable
9,3,249,Runnable
10,3,249,Runnable


3,3,249,Runnable
4,2,249,Runnable
5,2,249,Running 
6,3,249,Runnable
7,2,249,Zombie  
8,3,249,Runnable
9,3,249,Runnable
10,3,249,Runnable


3,3,250,Runnable
4,2,250,Runnable
5,2,250,Runnable
6,3,250,Runnable
7,2,250,Zombie  
8,3,250,Runnable
9,3,250,Runnable
10,3,250,Runnable


3,3,250,Runnable
4,2,250,Runnable
5,2,250,Running 
6,3,250,Runnable
7,2,250,Zombie  
8,3,250,Runnable
9,3,250,Runnable
10,3,250,Runnable


3,3,250,Runnable
4,2,250,Runnable
5,2,250,Running 
6,3,250,Runnable
7,2,250,Zombie  
8,3,250,Runnable
9,3,250,Runnable
10,3,250,Runnable


3,3,251,Runnable
4,2,251,Runnable
5,2,251,Running 
6,2,251,Runnable
7,2,251,Zombie  
8,3,251,Runnable
9,3,251,Runnable
10,3,251,Runnable


3,3,251,Runnable
4,2,251,Runnable
5,2,251,Running 
6,2,251,Runnable
7,2,251,Zombie  
8,3,251,Runnable
9,3,251,Runnable
10,3,251,Runnable


3,3,252,Runnable
4,2,252,Running 
5,3,252,Runnable
6,2,252,Runnable
7,2,252,Zombie  
8,3,252,Runnable
9,3,252,Runnable
10,3,252,Runnable


3,3,252,Runnable
4,2,252,Running 
5,3,252,Runnable
6,2,252,Runnable
7,2,252,Zombie  
8,3,252,Runnable
9,3,252,Runnable
10,3,252,Runnable


3,3,252,Runnable
4,2,252,Running 
5,3,252,Runnable
6,2,252,Runnable
7,2,252,Zombie  
8,3,252,Runnable
9,3,252,Runnable
10,3,252,Runnable


3,3,253,Runnable
4,2,253,Running 
5,3,253,Runnable
6,2,253,Runnable
7,2,253,Zombie  
8,3,253,Runnable
9,3,253,Runnable
10,3,253,Runnable


3,3,253,Runnable
4,2,253,Running 
5,3,253,Runnable
6,2,253,Runnable
7,2,253,Zombie  
8,3,253,Runnable
9,3,253,Runnable
10,3,253,Runnable


3,3,254,Runnable
4,2,254,Running 
5,3,254,Runnable
6,2,254,Runnable
7,2,254,Zombie  
8,3,254,Runnable
9,3,254,Runnable
10,3,254,Runnable


3,3,254,Runnable
4,2,254,Running 
5,3,254,Runnable
6,2,254,Runnable
7,2,254,Zombie  
8,3,254,Runnable
9,3,254,Runnable
10,3,254,Runnable


3,3,254,Runnable
4,2,254,Running 
5,3,254,Runnable
6,2,254,Runnable
7,2,254,Zombie  
8,3,254,Runnable
9,3,254,Runnable
10,3,254,Runnable


3,3,255,Runnable
4,2,255,Running 
5,3,255,Runnable
6,2,255,Runnable
7,2,255,Zombie  
8,2,255,Runnable
9,3,255,Runnable
10,3,255,Runnable


3,3,255,Runnable
4,2,255,Running 
5,3,255,Runnable
6,2,255,Runnable
7,2,255,Zombie  
8,2,255,Runnable
9,3,255,Runnable
10,3,255,Runnable


3,3,256,Runnable
4,3,256,Runnable
5,3,256,Runnable
6,2,256,Running 
7,2,256,Zombie  
8,2,256,Runnable
9,3,256,Runnable
10,3,256,Runnable


3,3,256,Runnable
4,3,256,Runnable
5,3,256,Runnable
6,2,256,Running 
7,2,256,Zombie  
8,2,256,Runnable
9,3,256,Runnable
10,3,256,Runnable


3,3,256,Runnable
4,3,256,Runnable
5,3,256,Runnable
6,2,256,Running 
7,2,256,Zombie  
8,2,256,Runnable
9,3,256,Runnable
10,3,256,Runnable


3,3,257,Runnable
4,3,257,Runnable
5,3,257,Runnable
6,2,257,Running 
7,2,257,Zombie  
8,2,257,Runnable
9,3,257,Runnable
10,3,257,Runnable


3,3,257,Runnable
4,3,257,Runnable
5,3,257,Runnable
6,2,257,Running 
7,2,257,Zombie  
8,2,257,Runnable
9,3,257,Runnable
10,3,257,Runnable


3,3,258,Runnable
4,3,258,Runnable
5,3,258,Runnable
6,2,258,Running 
7,2,258,Zombie  
8,2,258,Runnable
9,3,258,Runnable
10,3,258,Runnable


3,3,258,Runnable
4,3,258,Runnable
5,3,258,Runnable
6,2,258,Running 
7,2,258,Zombie  
8,2,258,Runnable
9,3,258,Runnable
10,3,258,Runnable


3,3,258,Runnable
4,3,258,Runnable
5,3,258,Runnable
6,2,258,Running 
7,2,258,Zombie  
8,2,258,Runnable
9,3,258,Runnable
10,3,258,Runnable


3,3,259,Runnable
4,3,259,Runnable
5,3,259,Runnable
6,2,259,Running 
7,2,259,Zombie  
8,2,259,Runnable
9,3,259,Runnable
10,2,259,Runnable


3,3,259,Runnable
4,3,259,Runnable
5,3,259,Runnable
6,2,259,Running 
7,2,259,Zombie  
8,2,259,Runnable
9,3,259,Runnable
10,2,259,Runnable


3,3,260,Runnable
4,3,260,Runnable
5,3,260,Runnable
6,3,260,Runnable
7,2,260,Zombie  
8,2,260,Running 
9,3,260,Runnable
10,2,260,Runnable


3,3,260,Runnable
4,3,260,Runnable
5,3,260,Runnable
6,3,260,Runnable
7,2,260,Zombie  
8,2,260,Running 
9,3,260,Runnable
10,2,260,Runnable


3,3,260,Runnable
4,3,260,Runnable
5,3,260,Runnable
6,3,260,Runnable
7,2,260,Zombie  
8,2,260,Running 
9,3,260,Runnable
10,2,260,Runnable


3,3,261,Runnable
4,3,261,Runnable
5,3,261,Runnable
6,3,261,Runnable
7,2,261,Zombie  
8,2,261,Running 
9,3,261,Runnable
10,2,261,Runnable


3,3,261,Runnable
4,3,261,Runnable
5,3,261,Runnable
6,3,261,Runnable
7,2,261,Zombie  
8,2,261,Running 
9,3,261,Runnable
10,2,261,Runnable


3,3,262,Runnable
4,3,262,Runnable
5,3,262,Runnable
6,3,262,Runnable
7,2,262,Zombie  
8,2,262,Running 
9,3,262,Runnable
10,2,262,Runnable


3,3,262,Runnable
4,3,262,Runnable
5,3,262,Runnable
6,3,262,Runnable
7,2,262,Zombie  
8,2,262,Running 
9,3,262,Runnable
10,2,262,Runnable


3,3,262,Runnable
4,3,262,Runnable
5,3,262,Runnable
6,3,262,Runnable
7,2,262,Zombie  
8,2,262,Running 
9,3,262,Runnable
10,2,262,Runnable


3,3,263,Runnable
4,3,263,Runnable
5,3,263,Runnable
6,3,263,Runnable
7,2,263,Zombie  
8,2,263,Running 
9,2,263,Runnable
10,2,263,Runnable


3,3,263,Runnable
4,3,263,Runnable
5,3,263,Runnable
6,3,263,Runnable
7,2,263,Zombie  
8,2,263,Running 
9,2,263,Runnable
10,2,263,Runnable


3,3,264,Runnable
4,3,264,Runnable
5,3,264,Runnable
6,3,264,Runnable
7,2,264,Zombie  
8,3,264,Runnable
9,2,264,Runnable
10,2,264,Running 


3,3,264,Runnable
4,3,264,Runnable
5,3,264,Runnable
6,3,264,Runnable
7,2,264,Zombie  
8,3,264,Runnable
9,2,264,Runnable
10,2,264,Running 


3,3,264,Runnable
4,3,264,Runnable
5,3,264,Runnable
6,3,264,Runnable
7,2,264,Zombie  
8,3,264,Runnable
9,2,264,Runnable
10,2,264,Running 


3,3,265,Runnable
4,3,265,Runnable
5,3,265,Runnable
6,3,265,Runnable
7,2,265,Zombie  
8,3,265,Runnable
9,2,265,Runnable
10,2,265,Running 


3,3,265,Runnable
4,3,265,Runnable
5,3,265,Runnable
6,3,265,Runnable
7,2,265,Zombie  
8,3,265,Runnable
9,2,265,Runnable
10,2,265,Running 


3,3,266,Runnable
4,3,266,Runnable
5,3,266,Runnable
6,3,266,Runnable
7,2,266,Zombie  
8,3,266,Runnable
9,2,266,Runnable
10,2,266,Running 


3,3,266,Runnable
4,3,266,Runnable
5,3,266,Runnable
6,3,266,Runnable
7,2,266,Zombie  
8,3,266,Runnable
9,2,266,Runnable
10,2,266,Running 


3,3,266,Runnable
4,3,266,Runnable
5,3,266,Runnable
6,3,266,Runnable
7,2,266,Zombie  
8,3,266,Runnable
9,2,266,Runnable
10,2,266,Running 


3,3,267,Runnable
4,3,267,Runnable
5,3,267,Runnable
6,3,267,Runnable
7,2,267,Zombie  
8,3,267,Runnable
9,2,267,Runnable
10,2,267,Running 


3,3,267,Runnable
4,3,267,Runnable
5,3,267,Runnable
6,3,267,Runnable
7,2,267,Zombie  
8,3,267,Runnable
9,2,267,Runnable
10,2,267,Running 


3,3,268,Runnable
4,3,268,Runnable
5,3,268,Runnable
6,3,268,Runnable
7,2,268,Zombie  
8,3,268,Runnable
9,2,268,Running 
10,3,268,Runnable


3,3,268,Runnable
4,3,268,Runnable
5,3,268,Runnable
6,3,268,Runnable
7,2,268,Zombie  
8,3,268,Runnable
9,2,268,Running 
10,3,268,Runnable


3,3,268,Runnable
4,3,268,Runnable
5,3,268,Runnable
6,3,268,Runnable
7,2,268,Zombie  
8,3,268,Runnable
9,2,268,Running 
10,3,268,Runnable


3,3,269,Runnable
4,3,269,Runnable
5,3,269,Runnable
6,3,269,Runnable
7,2,269,Zombie  
8,3,269,Runnable
9,2,269,Running 
10,3,269,Runnable


3,3,269,Runnable
4,3,269,Runnable
5,3,269,Runnable
6,3,269,Runnable
7,2,269,Zombie  
8,3,269,Runnable
9,2,269,Running 
10,3,269,Runnable


3,3,270,Runnable
4,3,270,Runnable
5,3,270,Runnable
6,3,270,Runnable
7,2,270,Zombie  
8,3,270,Runnable
9,2,270,Running 
10,3,270,Runnable


3,3,270,Runnable
4,3,270,Runnable
5,3,270,Runnable
6,3,270,Runnable
7,2,270,Zombie  
8,3,270,Runnable
9,2,270,Running 
10,3,270,Runnable


3,3,270,Runnable
4,3,270,Runnable
5,3,270,Runnable
6,3,270,Runnable
7,2,270,Zombie  
8,3,270,Runnable
9,2,270,Running 
10,3,270,Runnable


3,3,271,Runnable
4,3,271,Runnable
5,3,271,Runnable
6,3,271,Runnable
7,2,271,Zombie  
8,3,271,Runnable
9,2,271,Running 
10,3,271,Runnable


3,3,271,Runnable
4,3,271,Runnable
5,3,271,Runnable
6,3,271,Runnable
7,2,271,Zombie  
8,3,271,Runnable
9,2,271,Running 
10,3,271,Runnable


3,3,272,Running 
4,3,272,Runnable
5,3,272,Runnable
6,3,272,Runnable
7,2,272,Zombie  
8,3,272,Runnable
9,3,272,Runnable
10,3,272,Runnable


3,3,272,Running 
4,3,272,Runnable
5,3,272,Runnable
6,3,272,Runnable
7,2,272,Zombie  
8,3,272,Runnable
9,3,272,Runnable
10,3,272,Runnable


3,3,272,Running 
4,3,272,Runnable
5,3,272,Runnable
6,3,272,Runnable
7,2,272,Zombie  
8,3,272,Runnable
9,3,272,Runnable
10,3,272,Runnable


3,3,273,Running 
4,3,273,Runnable
5,3,273,Runnable
6,3,273,Runnable
7,2,273,Zombie  
8,3,273,Runnable
9,3,273,Runnable
10,3,273,Runnable


3,3,273,Running 
4,3,273,Runnable
5,3,273,Runnable
6,3,273,Runnable
7,2,273,Zombie  
8,3,273,Runnable
9,3,273,Runnable
10,3,273,Runnable


3,3,274,Running 
4,3,274,Runnable
5,3,274,Runnable
6,3,274,Runnable
7,2,274,Zombie  
8,3,274,Runnable
9,3,274,Runnable
10,3,274,Runnable


3,3,274,Running 
4,3,274,Runnable
5,3,274,Runnable
6,3,274,Runnable
7,2,274,Zombie  
8,3,274,Runnable
9,3,274,Runnable
10,3,274,Runnable


3,3,275,Running 
4,3,275,Runnable
5,3,275,Runnable
6,3,275,Runnable
7,2,275,Zombie  
8,3,275,Runnable
9,3,275,Runnable
10,3,275,Runnable


3,3,275,Running 
4,3,275,Runnable
5,3,275,Runnable
6,3,275,Runnable
7,2,275,Zombie  
8,3,275,Runnable
9,3,275,Runnable
10,3,275,Runnable


3,3,275,Running 
4,3,275,Runnable
5,3,275,Runnable
6,3,275,Runnable
7,2,275,Zombie  
8,3,275,Runnable
9,3,275,Runnable
10,3,275,Runnable


3,3,276,Running 
4,3,276,Runnable
5,3,276,Runnable
6,3,276,Runnable
7,2,276,Zombie  
8,3,276,Runnable
9,3,276,Runnable
10,3,276,Runnable


3,3,276,Running 
4,3,276,Runnable
5,3,276,Runnable
6,3,276,Runnable
7,2,276,Zombie  
8,3,276,Runnable
9,3,276,Runnable
10,3,276,Runnable


3,3,277,Runnable
4,3,277,Runnable
5,2,277,Running 
6,3,277,Runnable
7,2,277,Zombie  
8,3,277,Runnable
9,3,277,Runnable
10,3,277,Runnable


3,3,277,Runnable
4,3,277,Runnable
5,2,277,Running 
6,3,277,Runnable
7,2,277,Zombie  
8,3,277,Runnable
9,3,277,Runnable
10,3,277,Runnable


3,3,277,Runnable
4,3,277,Runnable
5,2,277,Running 
6,3,277,Runnable
7,2,277,Zombie  
8,3,277,Runnable
9,3,277,Runnable
10,3,277,Runnable


3,2,278,Runnable
4,3,278,Runnable
5,2,278,Running 
6,3,278,Runnable
7,2,278,Zombie  
8,3,278,Runnable
9,3,278,Runnable
10,3,278,Runnable


3,2,278,Runnable
4,3,278,Runnable
5,2,278,Running 
6,3,278,Runnable
7,2,278,Zombie  
8,3,278,Runnable
9,3,278,Runnable
10,3,278,Runnable


3,2,279,Runnable
4,3,279,Runnable
5,2,279,Running 
6,3,279,Runnable
7,2,279,Zombie  
8,3,279,Runnable
9,3,279,Runnable
10,3,279,Runnable


3,2,279,Runnable
4,3,279,Runnable
5,2,279,Running 
6,3,279,Runnable
7,2,279,Zombie  
8,3,279,Runnable
9,3,279,Runnable
10,3,279,Runnable


3,2,279,Runnable
4,3,279,Runnable
5,2,279,Running 
6,3,279,Runnable
7,2,279,Zombie  
8,3,279,Runnable
9,3,279,Runnable
10,3,279,Runnable


3,2,280,Runnable
4,3,280,Runnable
5,2,280,Running 
6,3,280,Runnable
7,2,280,Zombie  
8,3,280,Runnable
9,3,280,Runnable
10,3,280,Runnable


3,2,280,Runnable
4,3,280,Runnable
5,2,280,Running 
6,3,280,Runnable
7,2,280,Zombie  
8,3,280,Runnable
9,3,280,Runnable
10,3,280,Runnable


3,2,281,Running 
4,2,281,Runnable
5,3,281,Runnable
6,3,281,Runnable
7,2,281,Zombie  
8,3,281,Runnable
9,3,281,Runnable
10,3,281,Runnable


3,2,281,Running 
4,2,281,Runnable
5,3,281,Runnable
6,3,281,Runnable
7,2,281,Zombie  
8,3,281,Runnable
9,3,281,Runnable
10,3,281,Runnable

$ 
4,2,281,Running 
5,3,281,Runnable
6,3,281,Runnable
8,3,281,Runnable
9,3,281,Runnable
10,3,281,Runnable


4,2,282,Running 
5,3,282,Runnable
6,3,282,Runnable
8,3,282,Runnable
9,3,282,Runnable
10,3,282,Runnable


4,2,282,Running 
5,3,282,Runnable
6,3,282,Runnable
8,3,282,Runnable
9,3,282,Runnable
10,3,282,Runnable


4,2,283,Running 
5,3,283,Runnable
6,3,283,Runnable
8,3,283,Runnable
9,3,283,Runnable
10,3,283,Runnable


4,2,283,Running 
5,3,283,Runnable
6,3,283,Runnable
8,3,283,Runnable
9,3,283,Runnable
10,3,283,Runnable


4,2,283,Running 
5,3,283,Runnable
6,3,283,Runnable
8,3,283,Runnable
9,3,283,Runnable
10,3,283,Runnable


4,2,284,Zombie  
5,3,284,Runnable
6,3,284,Runnable
8,3,284,Runnable
9,3,284,Runnable
10,3,284,Runnable


5,3,284,Runnable
6,3,284,Running 
8,3,284,Runnable
9,3,284,Runnable
10,3,284,Runnable


5,3,285,Runnable
6,3,285,Running 
8,3,285,Runnable
9,3,285,Runnable
10,3,285,Runnable


5,3,285,Runnable
6,3,285,Running 
8,3,285,Runnable
9,3,285,Runnable
10,3,285,Runnable


5,3,285,Runnable
6,3,285,Running 
8,3,285,Runnable
9,3,285,Runnable
10,3,285,Runnable


5,3,286,Runnable
6,3,286,Running 
8,3,286,Runnable
9,3,286,Runnable
10,3,286,Runnable


5,3,286,Runnable
6,3,286,Running 
8,3,286,Runnable
9,3,286,Runnable
10,3,286,Runnable


5,3,287,Runnable
6,3,287,Running 
8,3,287,Runnable
9,3,287,Runnable
10,3,287,Runnable


5,3,287,Runnable
6,3,287,Running 
8,3,287,Runnable
9,3,287,Runnable
10,3,287,Runnable


5,3,288,Runnable
6,3,288,Runnable
8,3,288,Runnable
9,3,288,Runnable
10,3,288,Runnable


5,3,288,Runnable
6,3,288,Running 
8,3,288,Runnable
9,3,288,Runnable
10,3,288,Runnable


5,3,288,Runnable
6,3,288,Running 
8,3,288,Runnable
9,3,288,Runnable
10,3,288,Runnable


5,3,289,Runnable
6,3,289,Runnable
8,2,289,Running 
9,3,289,Runnable
10,3,289,Runnable


5,3,289,Runnable
6,3,289,Runnable
8,2,289,Running 
9,3,289,Runnable
10,3,289,Runnable


5,3,290,Runnable
6,2,290,Runnable
8,2,290,Running 
9,3,290,Runnable
10,3,290,Runnable


5,3,290,Runnable
6,2,290,Running 
9,3,290,Runnable
10,3,290,Runnable


5,3,290,Runnable
6,2,290,Running 
9,3,290,Runnable
10,3,290,Runnable


5,3,291,Runnable
6,2,291,Running 
9,3,291,Runnable
10,3,291,Runnable


5,3,291,Runnable
6,2,291,Running 
9,3,291,Runnable
10,3,291,Runnable


5,3,292,Runnable
6,2,292,Running 
9,3,292,Runnable
10,3,292,Runnable


5,3,292,Runnable
6,2,292,Running 
9,3,292,Runnable
10,3,292,Runnable


5,3,292,Runnable
6,2,292,Running 
9,3,292,Runnable
10,3,292,Runnable


5,3,293,Runnable
6,2,293,Running 
9,3,293,Runnable
10,2,293,Runnable


5,3,293,Runnable
6,2,293,Running 
9,3,293,Runnable
10,2,293,Runnable


5,3,294,Runnable
6,3,294,Runnable
9,3,294,Runnable
10,2,294,Running 


5,3,294,Runnable
6,3,294,Runnable
9,3,294,Runnable
10,2,294,Running 


5,3,294,Runnable
6,3,294,Runnable
9,3,294,Runnable
10,2,294,Running 


5,3,295,Runnable
6,3,295,Runnable
9,3,295,Runnable
10,2,295,Running 


5,3,295,Runnable
6,3,295,Runnable
9,3,295,Runnable
10,2,295,Running 


5,3,296,Runnable
6,3,296,Runnable
9,3,296,Runnable
10,2,296,Running 


5,3,296,Runnable
6,3,296,Runnable
9,3,296,Runnable
10,2,296,Running 


5,3,296,Runnable
6,3,296,Runnable
9,3,296,Runnable
10,2,296,Running 


5,3,297,Runnable
6,3,297,Runnable
9,2,297,Runnable
10,2,297,Running 


5,3,297,Runnable
6,3,297,Runnable
9,2,297,Runnable
10,2,297,Running 


5,3,298,Runnable
6,3,298,Runnable
9,2,298,Running 
10,3,298,Runnable


5,3,298,Runnable
6,3,298,Runnable
9,2,298,Running 
10,3,298,Runnable


5,3,298,Runnable
6,3,298,Runnable
9,2,298,Running 
10,3,298,Runnable


5,3,299,Running 
6,3,299,Runnable
9,2,299,Zombie  
10,3,299,Runnable


5,3,299,Running 
6,3,299,Runnable
9,2,299,Zombie  
10,3,299,Runnable


5,3,300,Running 
6,3,300,Runnable
9,2,300,Zombie  
10,3,300,Runnable


5,3,300,Running 
6,3,300,Runnable
9,2,300,Zombie  
10,3,300,Runnable


5,3,300,Running 
6,3,300,Runnable
9,2,300,Zombie  
10,3,300,Runnable


5,3,301,Running 
6,3,301,Runnable
9,2,301,Zombie  
10,3,301,Runnable


5,3,301,Running 
6,3,301,Runnable
9,2,301,Zombie  
10,3,301,Runnable


5,3,302,Running 
6,3,302,Runnable
9,2,302,Zombie  
10,3,302,Runnable


5,3,302,Running 
6,3,302,Runnable
9,2,302,Zombie  
10,3,302,Runnable


5,3,302,Running 
6,3,302,Runnable
9,2,302,Zombie  
10,3,302,Runnable


5,3,303,Running 
6,3,303,Runnable
9,2,303,Zombie  
10,3,303,Runnable


6,3,303,Running 
10,3,303,Runnable


6,3,304,Running 
10,3,304,Runnable


6,3,304,Running 
10,3,304,Runnable


6,3,304,Running 
10,3,304,Runnable


6,3,305,Running 
10,3,305,Runnable


6,3,305,Running 
10,3,305,Runnable


6,3,306,Running 
10,3,306,Runnable


6,3,306,Running 
10,3,306,Runnable


6,3,306,Running 
10,3,306,Runnable


6,3,307,Running 
10,3,307,Runnable


6,3,307,Running 
10,3,307,Runnable


6,3,308,Running 
10,3,308,Runnable


10,3,308,Running 


10,3,308,Running 


10,3,309,Running 


10,3,309,Running 


10,3,310,Running 


10,3,310,Running 


10,3,310,Running 


10,3,311,Running 


10,3,311,Running 


10,3,312,Running 


10,3,312,Running 


10,3,312,Running 














































